{"cameraMode":{"drawMode":0,"name":"Shaded","section":"Shading Mode"},"sceneLighting":false,"audioPlay":false,"sceneViewState":{"m_AlwaysRefresh":false,"showFog":true,"showSkybox":true,"showFlares":true,"showImageEffects":true,"showParticleSystems":true,"showVisualEffectGraphs":true,"m_FxEnabled":true},"in2DMode":false,"pivot":{"x":3.6841964721679689,"y":17.74318504333496,"z":22.072385787963868},"rotation":{"x":0.025765947997570039,"y":0.9235915541648865,"z":-0.06396357715129852,"w":0.37745240330696108},"size":13.913192749023438,"orthographic":false}